<code_scheme name="Default" version="173">
  <Objective-C>
    <option name="INDENT_NAMESPACE_MEMBERS" value="0" />
    <option name="KEEP_STRUCTURES_IN_ONE_LINE" value="true" />
    <option name="KEEP_CASE_EXPRESSIONS_IN_ONE_LINE" value="true" />
    <option name="NAMESPACE_BRACE_PLACEMENT" value="5" />
    <option name="METHOD_BRACE_PLACEMENT" value="5" />
    <option name="FUNCTION_BRACE_PLACEMENT" value="5" />
    <option name="BLOCK_BRACE_PLACEMENT" value="5" />
    <option name="FUNCTION_NON_TOP_AFTER_RETURN_TYPE_WRAP" value="2" />
    <option name="FUNCTION_TOP_AFTER_RETURN_TYPE_WRAP" value="2" />
    <option name="FUNCTION_PARAMETERS_WRAP" value="5" />
    <option name="FUNCTION_CALL_ARGUMENTS_WRAP" value="5" />
    <option name="TEMPLATE_DECLARATION_STRUCT_WRAP" value="1" />
    <option name="TEMPLATE_DECLARATION_FUNCTION_WRAP" value="1" />
    <option name="TEMPLATE_CALL_ARGUMENTS_WRAP" value="5" />
    <option name="TEMPLATE_CALL_ARGUMENTS_ALIGN_MULTILINE" value="true" />
    <option name="CLASS_CONSTRUCTOR_INIT_LIST_WRAP" value="5" />
    <option name="ALIGN_INIT_LIST_IN_COLUMNS" value="false" />
    <option name="KEEP_BLANK_LINES_BEFORE_END" value="1" />
    <option name="HEADER_GUARD_STYLE_PATTERN" value="${PROJECT_NAME}_${PROJECT_REL_PATH}_${FILE_NAME}_${EXT}" />
    <option name="NAMESPACES_NAMING_CONVENTION">
      <value prefix="" style="SNAKE_CASE" suffix="" />
    </option>
    <option name="CLASSES_AND_STRUCTS_NAMING_CONVENTION">
      <value prefix="" style="PASCAL_CASE" suffix="" />
    </option>
    <option name="ENUMS_NAMING_CONVENTION">
      <value prefix="" style="PASCAL_CASE" suffix="" />
    </option>
    <option name="TYPEDEFS_NAMING_CONVENTION">
      <value prefix="" style="PASCAL_CASE" suffix="" />
    </option>
    <option name="UNIONS_NAMING_CONVENTION">
      <value prefix="" style="PASCAL_CASE" suffix="" />
    </option>
    <option name="FIELDS_NAMING_CONVENTION">
      <value prefix="" style="PASCAL_CASE" suffix="" />
    </option>
    <option name="GLOBAL_VARIABLES_NAMING_CONVENTION">
      <value prefix="" style="PASCAL_CASE" suffix="" />
    </option>
    <option name="PARAMETERS_NAMING_CONVENTION">
      <value prefix="" style="PASCAL_CASE" suffix="" />
    </option>
    <option name="LOCAL_VARIABLES_NAMING_CONVENTION">
      <value prefix="" style="PASCAL_CASE" suffix="" />
    </option>
  </Objective-C>
  <codeStyleSettings language="ObjectiveC">
    <option name="KEEP_CONTROL_STATEMENT_IN_ONE_LINE" value="false" />
    <option name="KEEP_BLANK_LINES_IN_DECLARATIONS" value="1" />
    <option name="KEEP_BLANK_LINES_IN_CODE" value="1" />
    <option name="KEEP_BLANK_LINES_BEFORE_RBRACE" value="1" />
    <option name="BLANK_LINES_BEFORE_IMPORTS" value="0" />
    <option name="BLANK_LINES_AFTER_IMPORTS" value="0" />
    <option name="BLANK_LINES_AROUND_CLASS" value="0" />
    <option name="BLANK_LINES_AROUND_METHOD" value="0" />
    <option name="BLANK_LINES_AROUND_METHOD_IN_INTERFACE" value="0" />
    <option name="BRACE_STYLE" value="5" />
    <option name="CLASS_BRACE_STYLE" value="5" />
    <option name="ELSE_ON_NEW_LINE" value="true" />
    <option name="WHILE_ON_NEW_LINE" value="true" />
    <option name="CATCH_ON_NEW_LINE" value="true" />
    <option name="ALIGN_MULTILINE_BINARY_OPERATION" value="false" />
    <option name="METHOD_CALL_CHAIN_WRAP" value="1" />
    <option name="BINARY_OPERATION_SIGN_ON_NEXT_LINE" value="true" />
    <option name="FOR_STATEMENT_WRAP" value="1" />
    <option name="ASSIGNMENT_WRAP" value="1" />
    <indentOptions>
      <option name="CONTINUATION_INDENT_SIZE" value="4" />
    </indentOptions>
  </codeStyleSettings>
</code_scheme>